init_guess,trials_run,pct_solved,avg_steps,median_steps,max_steps,hardest_target,hardest_path_compact,worst_bucket_size_initial
secundario,10000,100.00,1.926,2,6,jato,secundario → . . . . . . 1 . . B2 (|S|=10000) | astrologia → 1 . 2 . 3 . . . . . (|S|=49) | fato → . 1 1 B1 (|S|=5) | mato → . 1 1 B1 (|S|=4) | pato → . 1 1 B1 (|S|=3) | jato → B1 1 1 B1 (|S|=2) | jato → B1 1 1 B1 (|S|=1),70
manuscrito,10000,100.00,1.907,2,6,dojo,manuscrito → . . . . . . . . . B1 (|S|=10000) | astrologia → . . . . 1 . 2 . . . (|S|=32) | vovo → . 1 . B2 (|S|=6) | bobo → . 1 . B2 (|S|=5) | fofo → . 1 . B2 (|S|=4) | dojo → B1 1 1 B1 (|S|=3) | dojo → B1 1 1 B1 (|S|=1),85
planetario,10000,100.00,1.972,2,6,fofo,planetario → . . . . . . . . . B1 (|S|=10000) | manuscrito → . . . . . . . . . B1 (|S|=43) | jogo → . 1 . B2 (|S|=8) | vovo → . 1 . B2 (|S|=4) | bobo → . 1 . B2 (|S|=3) | fofo → B1 1 1 B1 (|S|=2) | fofo → B1 1 1 B1 (|S|=1),55
estacionar,10000,100.00,1.966,2,7,fiji,estacionar → . . . . . 1 . . . . (|S|=10000) | ventriculo → . . . . . 1 . . . . (|S|=17) | xixi → . 1 . B2 (|S|=7) | mimi → . 1 . B2 (|S|=5) | didi → . 1 . B2 (|S|=4) | pipi → . 1 . B2 (|S|=3) | fiji → B1 1 1 B1 (|S|=2) | fiji → B1 1 1 B1 (|S|=1),54
destruicao,10000,100.00,1.947,2,6,jarra,destruicao → . . . . Y . . . 1 . (|S|=10000) | contemplar → . . . . . . . . 1 1 (|S|=58) | trapaceiro → . 1 1 . Y . . . Y . (|S|=9) | barra → . 1 1 1 B1 (|S|=4) | garra → . 1 1 1 B1 (|S|=3) | jarra → B1 1 1 1 B1 (|S|=2) | jarra → B1 1 1 1 B1 (|S|=1),58
tolerancia,10000,100.00,1.942,2,6,boato,tolerancia → 1 1 . . . Y . . . . (|S|=10000) | argumentos → 1 . . . . . . 2 2 . (|S|=21) | fato → . 1 1 B1 (|S|=5) | pato → . 1 1 B1 (|S|=4) | jato → . 1 1 B1 (|S|=3) | boato → B1 1 1 1 B1 (|S|=2) | boato → B1 1 1 1 B1 (|S|=1),53
construida,10000,100.00,1.925,2,6,fofo,construida → . 1 . . . . . . . . (|S|=10000) | espartilho → . . . . . . . . . B1 (|S|=54) | jogo → . 1 . B2 (|S|=8) | vovo → . 1 . B2 (|S|=4) | bobo → . 1 . B2 (|S|=3) | fofo → B1 1 1 B1 (|S|=2) | fofo → B1 1 1 B1 (|S|=1),72
calendario,10000,100.00,1.952,2,6,hara,calendario → . Y . . . . 1 1 . . (|S|=10000) | trapaceiro → . 1 1 . Y . . . . . (|S|=31) | sara → . 1 1 B1 (|S|=5) | vara → . 1 1 B1 (|S|=4) | mara → . 1 1 B1 (|S|=3) | hara → B1 1 1 B1 (|S|=2) | hara → B1 1 1 B1 (|S|=1),50
sacramento,10000,100.00,1.969,2,6,hara,sacramento → . 1 . 2 2 . . . . . (|S|=10000) | espingarda → . . . . . . 1 1 . B2 (|S|=27) | barra → . 1 . 2 B2 (|S|=7) | vara → . 1 1 B1 (|S|=4) | lara → . 1 1 B1 (|S|=3) | hara → B1 1 1 B1 (|S|=2) | hara → B1 1 1 B1 (|S|=1),59
monasterio,10000,100.00,1.962,2,6,jarra,monasterio → . . . 1 . . . 2 . . (|S|=10000) | aconselhar → Y . . . . . . . 1 1 (|S|=92) | escravidao → . . . 1 1 . . . Y . (|S|=13) | barra → . 1 1 1 B1 (|S|=5) | garra → . 1 1 1 B1 (|S|=3) | jarra → B1 1 1 1 B1 (|S|=2) | jarra → B1 1 1 1 B1 (|S|=1),92
solteirona,10000,100.00,1.976,2,6,pera,solteirona → . . . . 1 . 2 . . B3 (|S|=10000) | curandeiro → . . 1 1 . . Y . . . (|S|=29) | vera → . 1 1 B1 (|S|=6) | fera → . 1 1 B1 (|S|=4) | hera → . 1 1 B1 (|S|=3) | pera → B1 1 1 B1 (|S|=2) | pera → B1 1 1 B1 (|S|=1),53
contemplar,10000,100.00,1.935,2,6,quale,contemplar → . . . . Y . . Y 1 . (|S|=10000) | alessandro → 1 1 1 . . . . . . . (|S|=35) | vale → . 1 1 B1 (|S|=5) | bale → . 1 1 B1 (|S|=4) | gale → . 1 1 B1 (|S|=3) | quale → B1 1 1 1 B1 (|S|=2) | quale → B1 1 1 1 B1 (|S|=1),64
relutancia,10000,100.00,1.923,2,5,livrar,relutancia → Y . 1 . . 2 . . Y . (|S|=10000) | ligar → B1 1 . 2 B2 (|S|=6) | lidar → B1 1 . 2 B2 (|S|=4) | limpar → B1 1 . . 2 B2 (|S|=3) | livrar → B1 1 1 1 1 B1 (|S|=2) | livrar → B1 1 1 1 1 B1 (|S|=1),69
comentario,10000,100.00,1.966,2,6,sova,comentario → . 1 . . . . 2 . . . (|S|=10000) | balconista → . . . . Y . . 1 . B2 (|S|=28) | sofa → B1 1 . B2 (|S|=5) | sopa → B1 1 . B2 (|S|=4) | soja → B1 1 . B2 (|S|=3) | sova → B1 1 1 B1 (|S|=2) | sova → B1 1 1 B1 (|S|=1),87
considerar,10000,100.00,2.000,2,6,jato,considerar → . Y . . . . . . 1 . (|S|=10000) | tripulacao → Y . . . . . 1 . . B2 (|S|=67) | fato → . 1 1 B1 (|S|=6) | gato → . 1 1 B1 (|S|=4) | mato → . 1 1 B1 (|S|=3) | jato → B1 1 1 B1 (|S|=2) | jato → B1 1 1 B1 (|S|=1),86
selecionar,10000,100.00,1.981,2,6,sova,selecionar → B1 . . . . . 2 . 3 . (|S|=10000) | sofa → B1 1 . B2 (|S|=8) | sopa → B1 1 . B2 (|S|=6) | soma → B1 1 . B2 (|S|=5) | soja → B1 1 . B2 (|S|=3) | sova → B1 1 1 B1 (|S|=2) | sova → B1 1 1 B1 (|S|=1),49
documentar,10000,100.00,1.941,2,5,vila,documentar → . . . . . . . . 1 . (|S|=10000) | astrologia → . . . . . Y . . 1 B2 (|S|=83) | ilha → 1 1 . B2 (|S|=5) | fila → . 1 1 B1 (|S|=3) | vila → B1 1 1 B1 (|S|=2) | vila → B1 1 1 B1 (|S|=1),83
espartilho,10000,100.00,1.968,2,6,sova,espartilho → . 1 . 2 . . . . . Y (|S|=10000) | sofa → B1 1 . B2 (|S|=7) | sonda → B1 1 . . B2 (|S|=6) | soma → B1 1 . B2 (|S|=4) | soja → B1 1 . B2 (|S|=3) | sova → B1 1 1 B1 (|S|=2) | sova → B1 1 1 B1 (|S|=1),88
curandeiro,10000,100.00,1.996,2,6,jato,curandeiro → . . . 1 . . . . . B2 (|S|=10000) | astrologia → 1 . 2 . 3 . . . . . (|S|=75) | fato → . 1 1 B1 (|S|=5) | mato → . 1 1 B1 (|S|=4) | pato → . 1 1 B1 (|S|=3) | jato → B1 1 1 B1 (|S|=2) | jato → B1 1 1 B1 (|S|=1),75
astronomia,10000,100.00,1.997,2,6,fiji,astronomia → . . . . . . . . 1 . (|S|=10000) | ventriculo → . . . . . 1 . . . . (|S|=61) | xixi → . 1 . B2 (|S|=6) | didi → . 1 . B2 (|S|=4) | pipi → . 1 . B2 (|S|=3) | fiji → B1 1 1 B1 (|S|=2) | fiji → B1 1 1 B1 (|S|=1),61
integracao,10000,100.00,2.020,2,6,pino,integracao → 1 1 . . . . . . . B2 (|S|=10000) | cerimonial → . . . 1 . 2 Y . . . (|S|=26) | vinho → . 1 1 . B2 (|S|=7) | sino → . 1 1 B1 (|S|=4) | fino → . 1 1 B1 (|S|=3) | pino → B1 1 1 B1 (|S|=2) | pino → B1 1 1 B1 (|S|=1),60
libertacao,10000,100.00,1.984,2,6,fiji,libertacao → . 1 . . . . . . . . (|S|=10000) | argumentos → . . . . . . . . . . (|S|=25) | xixi → . 1 . B2 (|S|=8) | didi → . 1 . B2 (|S|=5) | pipi → . 1 . B2 (|S|=4) | fiji → B1 1 1 B1 (|S|=3) | fiji → B1 1 1 B1 (|S|=1),74
ventriculo,10000,100.00,1.944,2,6,apelo,ventriculo → . 1 . . . . . . 2 B2 (|S|=10000) | belo → . 1 1 B1 (|S|=8) | gelo → . 1 1 B1 (|S|=6) | modelo → . . . 1 1 B1 (|S|=5) | selo → . 1 1 B1 (|S|=3) | apelo → B1 1 1 1 B1 (|S|=2) | apelo → B1 1 1 1 B1 (|S|=1),80
orientacao,10000,100.00,2.069,2,7,sova,orientacao → 1 . . . . . 2 . . . (|S|=10000) | balconista → . . . . Y . . 1 . B2 (|S|=27) | sofa → B1 1 . B2 (|S|=6) | sopa → B1 1 . B2 (|S|=5) | soma → B1 1 . B2 (|S|=4) | soja → B1 1 . B2 (|S|=3) | sova → B1 1 1 B1 (|S|=2) | sova → B1 1 1 B1 (|S|=1),95
relacionar,10000,100.00,2.011,2,6,captar,relacionar → . . . 1 Y . . . 2 B2 (|S|=10000) | chamar → B1 . 2 . 3 B3 (|S|=7) | casar → B1 1 . 2 B2 (|S|=6) | cavar → B1 1 . 2 B2 (|S|=4) | cagar → B1 1 . 2 B2 (|S|=3) | captar → B1 1 1 1 1 B1 (|S|=2) | captar → B1 1 1 1 1 B1 (|S|=1),69
destruirao,10000,100.00,1.990,2,7,tala,destruirao → . . . 1 . . . . 2 . (|S|=10000) | taxa → B1 1 . B2 (|S|=7) | tava → B1 1 . B2 (|S|=6) | taca → B1 1 . B2 (|S|=5) | tampa → B1 1 . . B2 (|S|=4) | tanga → B1 1 . . B2 (|S|=3) | tala → B1 1 1 B1 (|S|=2) | tala → B1 1 1 B1 (|S|=1),91
secretario,10000,100.00,2.042,2,6,pila,secretario → . . . . . . Y . 1 . (|S|=10000) | relutancia → . . Y . . . . . 1 B2 (|S|=73) | ilha → 1 1 . B2 (|S|=7) | fila → . 1 1 B1 (|S|=4) | vila → . 1 1 B1 (|S|=3) | pila → B1 1 1 B1 (|S|=2) | pila → B1 1 1 B1 (|S|=1),116
retaliacao,10000,100.00,2.042,2,6,hara,retaliacao → Y . . 1 . . 2 . . . (|S|=10000) | espingarda → . . . . . . 1 1 . B2 (|S|=60) | mercenario → . . . . . . 1 1 . . (|S|=10) | barba → . 1 1 . B2 (|S|=4) | vara → . 1 1 B1 (|S|=3) | hara → B1 1 1 B1 (|S|=2) | hara → B1 1 1 B1 (|S|=1),68
inesperado,10000,100.00,1.972,2,6,homo,inesperado → . . . . . . . . . B1 (|S|=10000) | ventriculo → . . . . . . . . . B1 (|S|=57) | jogo → . 1 . B2 (|S|=8) | bobo → . 1 . B2 (|S|=4) | fofo → . 1 . B2 (|S|=3) | homo → B1 1 1 B1 (|S|=2) | homo → B1 1 1 B1 (|S|=1),98
paramedico,10000,100.00,1.977,2,6,nojo,paramedico → . . . . . . . . . B1 (|S|=10000) | astrologia → . . . . 1 . 2 . . . (|S|=55) | vovo → . 1 . B2 (|S|=5) | bobo → . 1 . B2 (|S|=4) | fofo → . 1 . B2 (|S|=3) | nojo → B1 1 1 B1 (|S|=2) | nojo → B1 1 1 B1 (|S|=1),74
manobrista,10000,100.00,1.982,2,6,fiji,manobrista → . . . . . . 1 . . . (|S|=10000) | ventriculo → . . . . . 1 . . . . (|S|=56) | xixi → . 1 . B2 (|S|=6) | didi → . 1 . B2 (|S|=4) | pipi → . 1 . B2 (|S|=3) | fiji → B1 1 1 B1 (|S|=2) | fiji → B1 1 1 B1 (|S|=1),75
argumentos,10000,100.00,1.958,2,6,fiji,argumentos → . . . . . . . . . . (|S|=10000) | ventriculo → . . . . . 1 . . . . (|S|=14) | xixi → . 1 . B2 (|S|=6) | didi → . 1 . B2 (|S|=4) | pipi → . 1 . B2 (|S|=3) | fiji → B1 1 1 B1 (|S|=2) | fiji → B1 1 1 B1 (|S|=1),82
cerimonial,10000,100.00,1.996,2,6,cassete,cerimonial → B1 2 . . . . . . Y . (|S|=10000) | cafe → B1 1 . B2 (|S|=8) | cabe → B1 1 . B2 (|S|=5) | cave → B1 1 . B2 (|S|=4) | capacete → B1 1 . . . 2 2 B2 (|S|=3) | cassete → B1 1 1 1 1 1 B1 (|S|=2) | cassete → B1 1 1 1 1 1 B1 (|S|=1),93
escravidao,10000,100.00,2.009,2,6,bato,escravidao → . . . . 1 . . . . B2 (|S|=10000) | argumentos → 1 . . . . . . 2 2 . (|S|=50) | fato → . 1 1 B1 (|S|=6) | pato → . 1 1 B1 (|S|=5) | jato → . 1 1 B1 (|S|=3) | bato → B1 1 1 B1 (|S|=2) | bato → B1 1 1 B1 (|S|=1),80
centuriao,10000,100.00,2.055,2,6,jato,centuriao → . . . Y . . . 1 B2 (|S|=10000) | astrologia → 1 . 2 . 3 . . . . . (|S|=21) | fato → . 1 1 B1 (|S|=5) | mato → . 1 1 B1 (|S|=4) | pato → . 1 1 B1 (|S|=3) | jato → B1 1 1 B1 (|S|=2) | jato → B1 1 1 B1 (|S|=1),77
supremacia,10000,100.00,1.974,2,5,gelo,supremacia → . . . . 1 . . . . . (|S|=10000) | eletronico → 1 1 . . . . . . . B2 (|S|=88) | velho → . 1 1 . B2 (|S|=5) | belo → . 1 1 B1 (|S|=4) | gelo → B1 1 1 B1 (|S|=2) | gelo → B1 1 1 B1 (|S|=1),88
parentesco,10000,100.00,2.003,2,6,jato,parentesco → . 1 . . . 2 . . . B3 (|S|=10000) | adulterio → 1 . . . 2 . . . B3 (|S|=26) | fato → . 1 1 B1 (|S|=5) | gato → . 1 1 B1 (|S|=4) | mato → . 1 1 B1 (|S|=3) | jato → B1 1 1 B1 (|S|=2) | jato → B1 1 1 B1 (|S|=1),137
solucionar,10000,100.00,1.994,2,6,jato,solucionar → . Y . . . . . . 1 . (|S|=10000) | amesterdao → 1 . . . 2 . . . . B3 (|S|=43) | fato → . 1 1 B1 (|S|=5) | gato → . 1 1 B1 (|S|=4) | pato → . 1 1 B1 (|S|=3) | jato → B1 1 1 B1 (|S|=2) | jato → B1 1 1 B1 (|S|=1),69
estariamos,10000,100.00,2.015,2,6,sova,estariamos → . 1 . 2 . . . . Y . (|S|=10000) | sofa → B1 1 . B2 (|S|=7) | sopa → B1 1 . B2 (|S|=5) | sonda → B1 1 . . B2 (|S|=4) | soja → B1 1 . B2 (|S|=3) | sova → B1 1 1 B1 (|S|=2) | sova → B1 1 1 B1 (|S|=1),108
desapontar,10000,100.00,2.012,2,6,homo,desapontar → . . . . . 1 . . . . (|S|=10000) | ventriculo → . . . . . . . . . B1 (|S|=89) | jogo → . 1 . B2 (|S|=8) | bobo → . 1 . B2 (|S|=4) | fofo → . 1 . B2 (|S|=3) | homo → B1 1 1 B1 (|S|=2) | homo → B1 1 1 B1 (|S|=1),89
charleston,10000,100.00,1.999,2,6,jato,charleston → . . 1 . . . . 2 2 . (|S|=10000) | astronomia → 1 . 2 . 3 . . . . . (|S|=16) | fato → . 1 1 B1 (|S|=5) | gato → . 1 1 B1 (|S|=4) | pato → . 1 1 B1 (|S|=3) | jato → B1 1 1 B1 (|S|=2) | jato → B1 1 1 B1 (|S|=1),102
analgesico,10000,100.00,2.002,2,5,queixo,analgesico → . . . . . 1 . 2 . B3 (|S|=10000) | amesterdao → . . 1 . . . . . . B2 (|S|=49) | veio → . 1 1 B2 (|S|=6) | beijo → . 1 1 . B2 (|S|=4) | queixo → B1 1 1 1 1 B1 (|S|=2) | queixo → B1 1 1 1 1 B1 (|S|=1),76
estagiario,10000,100.00,2.045,2,7,fiji,estagiario → . . . . . 1 . . 2 . (|S|=10000) | ventriculo → . . . . . 1 . . . . (|S|=19) | xixi → . 1 . B2 (|S|=7) | mimi → . 1 . B2 (|S|=5) | didi → . 1 . B2 (|S|=4) | pipi → . 1 . B2 (|S|=3) | fiji → B1 1 1 B1 (|S|=2) | fiji → B1 1 1 B1 (|S|=1),126
magistrado,10000,100.00,1.970,2,5,sonia,magistrado → . . . Y 1 . . 2 . Y (|S|=10000) | social → B1 1 . 2 2 . (|S|=7) | sofia → B1 1 . 2 B2 (|S|=4) | sophia → B1 1 . . 2 B2 (|S|=3) | sonia → B1 1 1 1 B1 (|S|=2) | sonia → B1 1 1 1 B1 (|S|=1),85
manifestar,10000,100.00,1.995,2,5,ohio,manifestar → . . . 1 . . . . . . (|S|=10000) | solucionar → . 1 . . . 2 2 . . . (|S|=62) | obvio → B1 . . 2 B2 (|S|=5) | odio → B1 . 2 B2 (|S|=3) | ohio → B1 1 1 B1 (|S|=2) | ohio → B1 1 1 B1 (|S|=1),95
adulterio,10000,100.00,2.024,2,6,tanga,adulterio → Y . . . 1 . . . . (|S|=10000) | taxa → B1 1 . B2 (|S|=6) | tava → B1 1 . B2 (|S|=5) | taca → B1 1 . B2 (|S|=4) | tampa → B1 1 . . B2 (|S|=3) | tanga → B1 1 1 1 B1 (|S|=2) | tanga → B1 1 1 1 B1 (|S|=1),66
mercenario,10000,100.00,2.044,2,6,hara,mercenario → . . . . . . 1 1 . . (|S|=10000) | pastelaria → . . . . . . 1 1 . B2 (|S|=80) | guarda → . . 1 1 . B2 (|S|=7) | barba → . 1 1 . B2 (|S|=4) | vara → . 1 1 B1 (|S|=3) | hara → B1 1 1 B1 (|S|=2) | hara → B1 1 1 B1 (|S|=1),99
vasectomia,10000,100.00,2.010,2,6,sola,vasectomia → . . 1 . . . 2 . . B3 (|S|=10000) | sofa → B1 1 . B2 (|S|=7) | sopa → B1 1 . B2 (|S|=5) | sonda → B1 1 . . B2 (|S|=4) | soja → B1 1 . B2 (|S|=3) | sola → B1 1 1 B1 (|S|=2) | sola → B1 1 1 B1 (|S|=1),83
demonstrar,10000,100.00,1.978,2,5,vaca,demonstrar → . . . . . . . . 1 . (|S|=10000) | tripulacao → . . . . . . 1 1 1 . (|S|=124) | faca → . 1 1 B1 (|S|=5) | caca → . 1 1 B1 (|S|=3) | vaca → B1 1 1 B1 (|S|=2) | vaca → B1 1 1 B1 (|S|=1),124
premonicao,10000,100.00,2.005,2,6,quale,premonicao → . . Y . . . . . 1 . (|S|=10000) | astrologia → 1 . . . . 2 . . . . (|S|=55) | vale → . 1 1 B1 (|S|=7) | dale → . 1 1 B1 (|S|=4) | bale → . 1 1 B1 (|S|=3) | quale → B1 1 1 1 B1 (|S|=2) | quale → B1 1 1 1 B1 (|S|=1),97
mensageiro,10000,100.00,2.004,2,7,galpao,mensageiro → . . . . Y 1 . . . B2 (|S|=10000) | gato → B1 1 . B2 (|S|=8) | gajo → B1 1 . B2 (|S|=6) | gado → B1 1 . B2 (|S|=5) | galo → B1 1 1 B2 (|S|=4) | galho → B1 1 1 . B2 (|S|=3) | galpao → B1 1 1 1 1 B1 (|S|=2) | galpao → B1 1 1 1 1 B1 (|S|=1),101
trapaceiro,10000,100.00,2.050,2,6,paulo,trapaceiro → . . . 1 1 . . . . B2 (|S|=10000) | passo → B1 1 . . B2 (|S|=7) | pago → B1 1 . B2 (|S|=6) | papo → B1 1 . B2 (|S|=5) | pablo → B1 1 . 2 B2 (|S|=4) | paulo → B1 1 1 1 B1 (|S|=2) | paulo → B1 1 1 1 B1 (|S|=1),97
crematorio,10000,100.00,2.033,2,6,hara,crematorio → . . . . 1 . . 2 . . (|S|=10000) | espingarda → . . . . . . 1 1 . B2 (|S|=81) | barba → . 1 1 . B2 (|S|=6) | vara → . 1 1 B1 (|S|=5) | lara → . 1 1 B1 (|S|=3) | hara → B1 1 1 B1 (|S|=2) | hara → B1 1 1 B1 (|S|=1),112
tripulacao,10000,100.00,1.978,2,6,dojo,tripulacao → . . . . . . . . . B1 (|S|=10000) | mensageiro → . . . . . . . . . B1 (|S|=54) | vovo → . 1 . B2 (|S|=5) | bobo → . 1 . B2 (|S|=4) | fofo → . 1 . B2 (|S|=3) | dojo → B1 1 1 B1 (|S|=2) | dojo → B1 1 1 B1 (|S|=1),87
recompensa,10000,100.00,1.979,2,6,raro,recompensa → B1 . . 2 . . . . . Y (|S|=10000) | razao → B1 1 . . B2 (|S|=8) | raio → B1 1 . B2 (|S|=6) | rabo → B1 1 . B2 (|S|=4) | rato → B1 1 . B2 (|S|=3) | raro → B1 1 1 B1 (|S|=2) | raro → B1 1 1 B1 (|S|=1),96
questionar,10000,100.00,2.060,2,7,fiji,questionar → . . . . . 1 . . . . (|S|=10000) | ventriculo → . . . . . 1 . . . . (|S|=15) | xixi → . 1 . B2 (|S|=7) | mimi → . 1 . B2 (|S|=5) | didi → . 1 . B2 (|S|=4) | pipi → . 1 . B2 (|S|=3) | fiji → B1 1 1 B1 (|S|=2) | fiji → B1 1 1 B1 (|S|=1),88
estrelinha,10000,100.00,1.996,2,6,quale,estrelinha → Y . . . . Y . . . 1 (|S|=10000) | amesterdao → 1 . 2 . . . . . . . (|S|=24) | vale → . 1 1 B1 (|S|=5) | bale → . 1 1 B1 (|S|=4) | gale → . 1 1 B1 (|S|=3) | quale → B1 1 1 1 B1 (|S|=2) | quale → B1 1 1 1 B1 (|S|=1),132
sacrilegio,10000,100.00,1.988,2,7,sova,sacrilegio → B1 2 . . . . . . . Y (|S|=10000) | sofa → B1 1 . B2 (|S|=8) | sopa → B1 1 . B2 (|S|=7) | sonda → B1 1 . . B2 (|S|=6) | soma → B1 1 . B2 (|S|=4) | soja → B1 1 . B2 (|S|=3) | sova → B1 1 1 B1 (|S|=2) | sova → B1 1 1 B1 (|S|=1),84
samaritano,10000,100.00,2.050,2,6,sola,samaritano → B1 2 . . . . . . . Y (|S|=10000) | sofa → B1 1 . B2 (|S|=6) | sopa → B1 1 . B2 (|S|=5) | soja → B1 1 . B2 (|S|=4) | sova → B1 1 . B2 (|S|=3) | sola → B1 1 1 B1 (|S|=2) | sola → B1 1 1 B1 (|S|=1),75
aconselhar,10000,100.00,2.025,2,6,lixar,aconselhar → . . . . . . 1 . 2 B2 (|S|=10000) | tripulacao → . Y Y . . 1 2 . . . (|S|=23) | ligar → B1 1 . 2 B2 (|S|=5) | lidar → B1 1 . 2 B2 (|S|=4) | livrar → B1 1 . . 2 B2 (|S|=3) | lixar → B1 1 1 1 B1 (|S|=2) | lixar → B1 1 1 1 B1 (|S|=1),72
ensolarado,10000,100.00,2.034,2,7,mola,ensolarado → . . . 1 1 1 . . . . (|S|=10000) | bola → . 1 1 B1 (|S|=8) | cola → . 1 1 B1 (|S|=6) | lola → . 1 1 B1 (|S|=5) | viola → . . 1 1 B1 (|S|=4) | gola → . 1 1 B1 (|S|=3) | mola → B1 1 1 B1 (|S|=2) | mola → B1 1 1 B1 (|S|=1),67
amesterdao,10000,100.00,1.992,2,5,vila,amesterdao → 1 . . . . . . . . . (|S|=10000) | relutancia → . . Y . . . . . 1 B2 (|S|=87) | ilha → 1 1 . B2 (|S|=5) | fila → . 1 1 B1 (|S|=3) | vila → B1 1 1 B1 (|S|=2) | vila → B1 1 1 B1 (|S|=1),110
respiracao,10000,100.00,2.051,2,6,fiji,respiracao → . . . . 1 . . . . . (|S|=10000) | ventriculo → . . . . . 1 . . . . (|S|=28) | xixi → . 1 . B2 (|S|=6) | mimi → . 1 . B2 (|S|=4) | didi → . 1 . B2 (|S|=3) | fiji → B1 1 1 B1 (|S|=2) | fiji → B1 1 1 B1 (|S|=1),95
americano,10000,100.00,2.085,2,6,dino,americano → . . . . 1 . . 2 B2 (|S|=10000) | sacrilegio → . . . . 1 . . . . B2 (|S|=13) | fino → . 1 1 B1 (|S|=5) | hino → . 1 1 B1 (|S|=4) | pino → . 1 1 B1 (|S|=3) | dino → B1 1 1 B1 (|S|=2) | dino → B1 1 1 B1 (|S|=1),63
interacao,10000,100.00,2.123,2,7,sova,interacao → . . . . . Y . . 1 (|S|=10000) | astrologia → . 1 . . 2 . . . . B3 (|S|=32) | sofa → B1 1 . B2 (|S|=6) | sopa → B1 1 . B2 (|S|=5) | soma → B1 1 . B2 (|S|=4) | soja → B1 1 . B2 (|S|=3) | sova → B1 1 1 B1 (|S|=2) | sova → B1 1 1 B1 (|S|=1),74
namoriscar,10000,100.00,2.030,2,6,jato,namoriscar → . 1 . 2 . . . . . . (|S|=10000) | adulterio → 1 . . . 2 . . . B3 (|S|=63) | fato → . 1 1 B1 (|S|=5) | gato → . 1 1 B1 (|S|=4) | pato → . 1 1 B1 (|S|=3) | jato → B1 1 1 B1 (|S|=2) | jato → B1 1 1 B1 (|S|=1),103
conquistar,10000,100.00,2.039,2,6,soja,conquistar → . Y . . . . 1 . 2 . (|S|=10000) | ensolarado → . . 1 1 . 2 . . . . (|S|=37) | sofa → B1 1 . B2 (|S|=5) | sopa → B1 1 . B2 (|S|=4) | soma → B1 1 . B2 (|S|=3) | soja → B1 1 1 B1 (|S|=2) | soja → B1 1 1 B1 (|S|=1),108
introducao,10000,100.00,2.016,2,6,jato,introducao → . . Y . . . . . 1 B2 (|S|=10000) | espartilho → . . . 1 . 2 . . . B3 (|S|=23) | fato → . 1 1 B1 (|S|=5) | gato → . 1 1 B1 (|S|=4) | mato → . 1 1 B1 (|S|=3) | jato → B1 1 1 B1 (|S|=2) | jato → B1 1 1 B1 (|S|=1),137
mercadoria,10000,100.00,2.031,2,6,sova,mercadoria → . . . . . . 1 . . B2 (|S|=10000) | balconista → . . . . Y . . 1 . B2 (|S|=35) | sofa → B1 1 . B2 (|S|=5) | sopa → B1 1 . B2 (|S|=4) | soja → B1 1 . B2 (|S|=3) | sova → B1 1 1 B1 (|S|=2) | sova → B1 1 1 B1 (|S|=1),104
candelabro,10000,100.00,2.000,2,5,jato,candelabro → . 1 . . . . . . . B2 (|S|=10000) | argumentos → 1 . . . . . . 2 2 . (|S|=52) | fato → . 1 1 B1 (|S|=4) | pato → . 1 1 B1 (|S|=3) | jato → B1 1 1 B1 (|S|=2) | jato → B1 1 1 B1 (|S|=1),84
balconista,10000,100.00,1.976,2,5,mijo,balconista → . . . . Y . 1 . . . (|S|=10000) | secundario → . . . . . . . . 1 B2 (|S|=61) | vivo → . 1 . B2 (|S|=4) | fixo → . 1 . B2 (|S|=3) | mijo → B1 1 1 B1 (|S|=2) | mijo → B1 1 1 B1 (|S|=1),116
cartilagem,10000,100.00,1.992,2,5,jato,cartilagem → . 1 . 2 . . . . . . (|S|=10000) | construido → . . . . 1 . . . . B2 (|S|=20) | fato → . 1 1 B1 (|S|=5) | pato → . 1 1 B1 (|S|=3) | jato → B1 1 1 B1 (|S|=2) | jato → B1 1 1 B1 (|S|=1),96
jornalista,10000,100.00,2.032,2,6,tabua,jornalista → . . . . Y . . . 1 B2 (|S|=10000) | taxa → B1 1 . B2 (|S|=8) | tava → B1 1 . B2 (|S|=6) | taca → B1 1 . B2 (|S|=5) | tampa → B1 1 . . B2 (|S|=3) | tabua → B1 1 1 1 B1 (|S|=2) | tabua → B1 1 1 1 B1 (|S|=1),62
menstruada,10000,100.00,1.974,2,5,polo,menstruada → . . . . . . . . . . (|S|=10000) | ventilacao → . . . . . Y . . . B1 (|S|=61) | olho → 1 1 . B2 (|S|=5) | bolo → . 1 1 B1 (|S|=4) | polo → B1 1 1 B1 (|S|=2) | polo → B1 1 1 B1 (|S|=1),83
infestacao,10000,100.00,2.049,2,5,lidar,infestacao → 1 . . . . . 2 . . . (|S|=10000) | supremacia → . . . Y . . . . 1 2 (|S|=81) | solteirona → . . 1 . . 2 3 . . Y (|S|=9) | ligar → B1 1 . 2 B2 (|S|=3) | lidar → B1 1 1 1 B1 (|S|=2) | lidar → B1 1 1 1 B1 (|S|=1),131
eletronico,10000,100.00,2.010,2,6,hara,eletronico → . . . . 1 . . . . . (|S|=10000) | espingarda → . . . . . . 1 1 . B2 (|S|=106) | mercenario → . . . . . . 1 1 . . (|S|=11) | barba → . 1 1 . B2 (|S|=4) | vara → . 1 1 B1 (|S|=3) | hara → B1 1 1 B1 (|S|=2) | hara → B1 1 1 B1 (|S|=1),106
secretaria,10000,100.00,2.065,2,6,bafo,secretaria → . . . . . . 1 . . . (|S|=10000) | analgesico → 1 . . . . . . . . B2 (|S|=81) | quao → . . 1 B2 (|S|=6) | dado → . 1 . B2 (|S|=4) | papo → . 1 . B2 (|S|=3) | bafo → B1 1 1 B1 (|S|=2) | bafo → B1 1 1 B1 (|S|=1),110
ventilacao,10000,100.00,2.001,2,6,fiji,ventilacao → . . . . 1 . . . . . (|S|=10000) | argumentos → . . . . . . . . . . (|S|=33) | xixi → . 1 . B2 (|S|=6) | didi → . 1 . B2 (|S|=4) | pipi → . 1 . B2 (|S|=3) | fiji → B1 1 1 B1 (|S|=2) | fiji → B1 1 1 B1 (|S|=1),106
americanas,10000,100.00,2.029,2,6,quale,americanas → 1 . 2 . . . . . . . (|S|=10000) | cartilagem → . 1 . . . 2 . . 3 . (|S|=26) | vale → . 1 1 B1 (|S|=6) | dale → . 1 1 B1 (|S|=4) | bale → . 1 1 B1 (|S|=3) | quale → B1 1 1 1 B1 (|S|=2) | quale → B1 1 1 1 B1 (|S|=1),94
necessario,10000,100.00,2.088,2,7,fiji,necessario → . . . . . . . . 1 . (|S|=10000) | ventriculo → . . . . . 1 . . . . (|S|=21) | xixi → . 1 . B2 (|S|=7) | mimi → . 1 . B2 (|S|=5) | didi → . 1 . B2 (|S|=4) | pipi → . 1 . B2 (|S|=3) | fiji → B1 1 1 B1 (|S|=2) | fiji → B1 1 1 B1 (|S|=1),119
descontar,10000,100.00,2.067,2,6,jato,descontar → . . . . Y . Y 1 . (|S|=10000) | espartilho → . . . 1 . 2 . . . B3 (|S|=24) | fato → . 1 1 B1 (|S|=7) | gato → . 1 1 B1 (|S|=4) | mato → . 1 1 B1 (|S|=3) | jato → B1 1 1 B1 (|S|=2) | jato → B1 1 1 B1 (|S|=1),123
pastelaria,10000,100.00,2.006,2,6,tabua,pastelaria → . . . 1 . . 2 . . B3 (|S|=10000) | montanha → . . . 1 1 . . B2 (|S|=8) | taxa → B1 1 . B2 (|S|=5) | tava → B1 1 . B2 (|S|=4) | taca → B1 1 . B2 (|S|=3) | tabua → B1 1 1 1 B1 (|S|=2) | tabua → B1 1 1 1 B1 (|S|=1),101
estaleiro,10000,100.00,2.084,2,7,sova,estaleiro → . 1 . 2 . . . . Y (|S|=10000) | sofa → B1 1 . B2 (|S|=8) | sopa → B1 1 . B2 (|S|=7) | sonda → B1 1 . . B2 (|S|=6) | soma → B1 1 . B2 (|S|=4) | soja → B1 1 . B2 (|S|=3) | sova → B1 1 1 B1 (|S|=2) | sova → B1 1 1 B1 (|S|=1),116
poderiamos,10000,100.00,1.974,2,5,hara,poderiamos → . . . . Y . 1 . . . (|S|=10000) | balconista → . 1 . . . . . . . B2 (|S|=120) | garrafa → . 1 1 . . . B2 (|S|=8) | vara → . 1 1 B1 (|S|=3) | hara → B1 1 1 B1 (|S|=2) | hara → B1 1 1 B1 (|S|=1),120
astrologia,10000,100.00,2.016,2,5,puro,astrologia → . . . 1 1 . . . . . (|S|=10000) | mercenario → . . 1 . . . . . . B2 (|S|=33) | juro → . 1 1 B1 (|S|=4) | duro → . 1 1 B1 (|S|=3) | puro → B1 1 1 B1 (|S|=2) | puro → B1 1 1 B1 (|S|=1),80
adversario,10000,100.00,2.017,2,6,fiji,adversario → . . . . . . . . 1 . (|S|=10000) | ventriculo → . . . . . 1 . . . . (|S|=31) | xixi → . 1 . B2 (|S|=6) | mimi → . 1 . B2 (|S|=4) | pipi → . 1 . B2 (|S|=3) | fiji → B1 1 1 B1 (|S|=2) | fiji → B1 1 1 B1 (|S|=1),105
instrucao,10000,100.00,2.060,2,6,jato,instrucao → . . . Y . . . 1 B2 (|S|=10000) | paramedico → . 1 . . . . . . . B2 (|S|=17) | alto → 1 . 2 B2 (|S|=5) | fato → . 1 1 B1 (|S|=4) | gato → . 1 1 B1 (|S|=3) | jato → B1 1 1 B1 (|S|=2) | jato → B1 1 1 B1 (|S|=1),123
escuridao,10000,100.00,2.046,2,6,vala,escuridao → . . . . . . . 1 . (|S|=10000) | contemplar → . . . . . . . 1 1 . (|S|=77) | fala → . 1 1 B1 (|S|=5) | bala → . 1 1 B1 (|S|=4) | gala → . 1 1 B1 (|S|=3) | vala → B1 1 1 B1 (|S|=2) | vala → B1 1 1 B1 (|S|=1),90
penetracao,10000,100.00,2.066,2,6,sova,penetracao → . . . . . . Y . . 1 (|S|=10000) | astrologia → . 1 . . 2 . . . . B3 (|S|=52) | sofa → B1 1 . B2 (|S|=5) | soma → B1 1 . B2 (|S|=4) | soja → B1 1 . B2 (|S|=3) | sova → B1 1 1 B1 (|S|=2) | sova → B1 1 1 B1 (|S|=1),99
descoberta,10000,100.00,2.027,2,6,sova,descoberta → . . 1 . 2 . . . . B3 (|S|=10000) | entusiasmo → . . . . 1 . 2 . . Y (|S|=16) | sofa → B1 1 . B2 (|S|=5) | sopa → B1 1 . B2 (|S|=4) | soja → B1 1 . B2 (|S|=3) | sova → B1 1 1 B1 (|S|=2) | sova → B1 1 1 B1 (|S|=1),112
espingarda,10000,100.00,1.986,2,6,hara,espingarda → . . . . . . 1 1 . B2 (|S|=10000) | crematorio → . . . . 1 . . 2 . . (|S|=36) | barba → . 1 1 . B2 (|S|=6) | vara → . 1 1 B1 (|S|=5) | lara → . 1 1 B1 (|S|=3) | hara → B1 1 1 B1 (|S|=2) | hara → B1 1 1 B1 (|S|=1),80
entusiasmo,10000,100.00,2.015,2,6,fiji,entusiasmo → . . . . . 1 . . . . (|S|=10000) | ventriculo → . . . . . 1 . . . . (|S|=19) | xixi → . 1 . B2 (|S|=6) | didi → . 1 . B2 (|S|=4) | pipi → . 1 . B2 (|S|=3) | fiji → B1 1 1 B1 (|S|=2) | fiji → B1 1 1 B1 (|S|=1),132
residencia,10000,100.00,2.031,2,6,jato,residencia → . . . . . . . . . 1 (|S|=10000) | tripulacao → Y . . . . . 1 . . B2 (|S|=91) | fato → . 1 1 B1 (|S|=6) | gato → . 1 1 B1 (|S|=4) | mato → . 1 1 B1 (|S|=3) | jato → B1 1 1 B1 (|S|=2) | jato → B1 1 1 B1 (|S|=1),148
transicao,10000,100.00,2.113,2,6,hara,transicao → . 1 1 . . . . Y . (|S|=10000) | espingarda → . . . . . . 1 1 . B2 (|S|=40) | adversario → Y . . . . . 1 1 . . (|S|=9) | lara → . 1 1 B1 (|S|=4) | mara → . 1 1 B1 (|S|=3) | hara → B1 1 1 B1 (|S|=2) | hara → B1 1 1 B1 (|S|=1),74
impotencia,10000,100.00,2.006,2,6,quale,impotencia → . . . . . Y . . . 1 (|S|=10000) | alessandro → 1 1 1 . . . . . . . (|S|=79) | vale → . 1 1 B1 (|S|=5) | bale → . 1 1 B1 (|S|=4) | gale → . 1 1 B1 (|S|=3) | quale → B1 1 1 1 B1 (|S|=2) | quale → B1 1 1 1 B1 (|S|=1),112
restricao,10000,100.00,2.122,2,6,pila,restricao → . . . . . 1 . 2 . (|S|=10000) | relutancia → . . Y . . . . . 1 B2 (|S|=73) | ilha → 1 1 . B2 (|S|=7) | fila → . 1 1 B1 (|S|=4) | vila → . 1 1 B1 (|S|=3) | pila → B1 1 1 B1 (|S|=2) | pila → B1 1 1 B1 (|S|=1),116
antecessor,10000,100.00,2.075,2,7,fiji,antecessor → . . . . . . . . . . (|S|=10000) | ventriculo → . . . . . 1 . . . . (|S|=21) | xixi → . 1 . B2 (|S|=7) | mimi → . 1 . B2 (|S|=5) | didi → . 1 . B2 (|S|=4) | pipi → . 1 . B2 (|S|=3) | fiji → B1 1 1 B1 (|S|=2) | fiji → B1 1 1 B1 (|S|=1),133
alessandro,10000,100.00,2.042,2,6,fiji,alessandro → . . . . . . . . . . (|S|=10000) | ventriculo → . . . . . 1 . . . . (|S|=16) | xixi → . 1 . B2 (|S|=6) | mimi → . 1 . B2 (|S|=4) | pipi → . 1 . B2 (|S|=3) | fiji → B1 1 1 B1 (|S|=2) | fiji → B1 1 1 B1 (|S|=1),80
austriaco,10000,100.00,2.069,2,6,vala,austriaco → 1 . . . . . 2 . . (|S|=10000) | contemplar → . . . . . . . 1 1 . (|S|=81) | fala → . 1 1 B1 (|S|=6) | bala → . 1 1 B1 (|S|=4) | gala → . 1 1 B1 (|S|=3) | vala → B1 1 1 B1 (|S|=2) | vala → B1 1 1 B1 (|S|=1),81
construido,10000,100.00,1.996,2,6,mando,construido → . . 1 . . . . . 2 B2 (|S|=10000) | vendo → . . 1 1 B1 (|S|=8) | dando → . 1 1 1 B1 (|S|=5) | bando → . 1 1 1 B1 (|S|=4) | ando → 1 1 1 B1 (|S|=3) | mando → B1 1 1 1 B1 (|S|=2) | mando → B1 1 1 1 B1 (|S|=1),166
